,wins_difference,draws_difference,loses_difference,points_per_game_difference,ranking_difference,goal_diff_per_game_difference
0,-0.005347593582887666,-0.06060606060606061,0.0659536541889483,-0.07000000000000006,-32.0,-0.18000000000000016
1,0.38026315789473686,-0.1131578947368421,-0.26710526315789473,1.0299999999999998,-42.0,1.15
2,-0.27391304347826084,0.07577639751552798,0.1981366459627329,-0.7499999999999998,11.0,-1.2
3,0.0018382352941176405,-0.011029411764705899,0.00919117647058823,0.0,-10.0,0.20999999999999996
4,-0.15071919949968732,0.31081926203877425,-0.16010006253908693,-0.1399999999999999,10.0,-0.16000000000000003
5,-0.008918617614269764,-0.13377926421404684,0.1426978818283166,-0.15999999999999992,-1.0,-0.29000000000000004
6,0.007532281205165026,-0.021162123385939757,0.01362984218077476,0.0,-10.0,0.10000000000000009
7,-0.11016949152542371,0.1924939467312349,-0.08232445520581111,-0.1299999999999999,14.0,-0.31999999999999995
8,0.014842300556586197,0.027829313543599243,-0.04267161410018552,0.06999999999999984,-32.0,0.30000000000000004
9,0.038461538461538436,-0.04538461538461536,0.006923076923076921,0.07000000000000006,-16.0,0.36
10,0.09956709956709958,0.10822510822510822,-0.2077922077922078,0.3999999999999999,-23.0,0.35
11,0.15810276679841895,-0.07246376811594202,-0.08563899868247696,0.41000000000000014,-18.0,0.74
12,0.12041467304625197,-0.035885167464114825,-0.08452950558213718,0.31999999999999984,-4.0,0.030000000000000027
13,-0.01025641025641022,-0.10036630036630037,0.11062271062271062,-0.1299999999999999,-5.0,-0.52
14,-0.1129374337221633,-0.1346765641569459,0.2476139978791092,-0.48,6.0,-0.52
15,0.06783536585365851,-0.004573170731707321,-0.06326219512195122,0.19999999999999996,-2.0,-0.10000000000000009
16,0.2651960784313725,-0.016666666666666663,-0.24852941176470586,0.78,-6.0,1.3
17,-0.0735294117647059,0.01470588235294118,0.05882352941176469,-0.19999999999999996,2.0,0.20999999999999996
18,0.038461538461538436,-0.1510989010989011,0.11263736263736263,-0.040000000000000036,-9.0,0.08999999999999997
19,0.11016949152542371,-0.08677966101694917,-0.023389830508474596,0.24,-21.0,0.59
20,-0.06719367588932801,-0.09881422924901184,0.1660079051383399,-0.2999999999999998,25.0,-0.76
21,0.04343275771847205,-0.06279434850863425,0.019361590790162225,0.07000000000000006,6.0,0.16999999999999993
22,0.0020703933747412417,0.12008281573498963,-0.12215320910973085,0.11999999999999988,-3.0,-0.42000000000000004
23,-0.06060606060606061,0.06060606060606061,0.0,-0.13000000000000012,-2.0,0.02999999999999997
24,-0.2636566332218506,0.17614269788182835,0.08751393534002228,-0.6199999999999999,16.0,-0.68
25,0.16097560975609754,-0.21045296167247388,0.04947735191637631,0.2699999999999998,-5.0,0.68
26,0.11506707946336431,-0.09649122807017543,-0.018575851393188875,0.24999999999999978,-36.0,-0.15000000000000013
27,-0.2598484848484849,0.07727272727272727,0.18257575757575756,-0.71,38.0,-1.1199999999999999
28,0.06599713055954087,0.0064562410329985775,-0.07245337159253945,0.19999999999999996,8.0,-0.31000000000000005
29,0.0,0.10571428571428573,-0.1057142857142857,0.1100000000000001,-7.0,0.27
30,0.07536764705882354,-0.02573529411764708,-0.04963235294117646,0.19999999999999996,-12.0,0.0
31,0.07170795306388528,-0.041395045632333816,-0.030312907431551517,0.16999999999999993,-5.0,0.22999999999999998
32,-0.058275058275058245,0.034965034965035,0.023310023310023298,-0.1399999999999999,26.0,-0.47
33,-0.05235137533274181,-0.0709849157054126,0.12333629103815438,-0.22999999999999998,-7.0,-0.45999999999999996
34,-0.09749670619235834,0.01185770750988141,0.08563899868247696,-0.28,20.0,-0.77
35,0.1601731601731602,0.047619047619047616,-0.2077922077922078,0.53,-21.0,0.32
36,0.12700228832951943,0.06292906178489702,-0.18993135011441648,0.4399999999999997,-26.0,0.49
37,-0.11515151515151512,0.04415584415584414,0.070995670995671,-0.2999999999999998,-7.0,-0.3500000000000001
38,0.030612244897959218,0.03061224489795919,-0.06122448979591835,0.13000000000000012,24.0,0.25
39,0.06593406593406592,-0.25274725274725274,0.18681318681318682,-0.050000000000000044,-1.0,0.15000000000000002
40,0.016042780748663055,-0.05080213903743319,0.034759358288770054,0.0,-12.0,0.44999999999999996
41,0.17391304347826086,0.015652173913043466,-0.18956521739130433,0.54,-20.0,0.87
42,-0.009510869565217406,-0.0516304347826087,0.06114130434782608,-0.07999999999999985,7.0,0.040000000000000036
43,0.09224598930481281,0.004901960784313764,-0.09714795008912658,0.29000000000000004,-13.0,0.7
44,0.04640151515151514,0.03977272727272729,-0.08617424242424243,0.17999999999999994,-1.0,0.06000000000000005
45,0.045454545454545414,-0.0472727272727273,0.0018181818181818299,0.08999999999999986,-1.0,0.28
46,-0.2416267942583732,0.09649122807017543,0.14513556618819778,-0.6299999999999999,28.0,-0.6699999999999999
47,0.08974358974358976,-0.08608058608058608,-0.00366300366300365,0.18999999999999995,-3.0,0.08000000000000007
48,-0.16761363636363635,0.020833333333333315,0.14678030303030304,-0.49,25.0,-0.7
49,0.0,-0.10571428571428573,0.1057142857142857,-0.1100000000000001,7.0,-0.27
50,0.13636363636363635,-0.11904761904761904,-0.01731601731601734,0.29000000000000004,-19.0,0.38999999999999996
51,-0.03125,0.007500000000000007,0.023749999999999993,-0.08999999999999986,-1.0,-0.040000000000000036
52,0.25620608899297426,-0.03606557377049183,-0.2201405152224824,0.74,-40.0,1.15
53,0.07364864864864873,-0.08581081081081082,0.012162162162162177,0.14000000000000012,6.0,0.1299999999999999
54,0.1547619047619047,0.0357142857142857,-0.19047619047619047,0.5,5.0,0.5800000000000001
55,-0.22524565381708234,0.23204837490551777,-0.006802721088435382,-0.44000000000000017,18.0,-0.95
56,-0.08893280632411066,0.10935441370223978,-0.020421607378129147,-0.16000000000000014,-6.0,-0.46
57,-0.09688995215311003,-0.014752791068580545,0.11164274322169057,-0.30000000000000004,7.0,-0.22000000000000008
58,0.1107711138310894,0.11260709914320682,-0.2233782129742962,0.44999999999999973,-6.0,0.7999999999999998
59,0.26136363636363635,0.12499999999999997,-0.38636363636363635,0.9100000000000001,-59.0,1.44
60,0.08333333333333337,-0.041666666666666685,-0.041666666666666685,0.20999999999999996,16.0,0.30000000000000004
61,0.12748171368861028,-0.09404388714733541,-0.03343782654127481,0.2899999999999998,-11.0,1.0099999999999998
62,0.07493061979648474,-0.005550416281221104,-0.06938020351526364,0.20999999999999996,-6.0,-0.07999999999999996
63,-0.52,-0.3,-0.18,0.0,-34.0,0.0
64,-0.08567603748326641,-0.016398929049531497,0.10207496653279785,-0.27,11.0,-0.6200000000000001
65,-0.00870827285921627,0.12578616352201255,-0.11707789066279634,0.09999999999999987,-16.0,0.30000000000000004
66,0.15070028011204478,-0.08515406162464986,-0.06554621848739497,0.3700000000000001,12.0,1.09
67,0.2670807453416149,0.0010351966873706209,-0.2681159420289855,0.81,-9.0,1.0899999999999999
68,-0.06071428571428572,-0.07500000000000001,0.1357142857142857,-0.26,34.0,-0.7000000000000001
69,0.12184315463003981,-0.025254762959681015,-0.09658839167035889,0.33999999999999986,-12.0,0.32000000000000006
70,-0.17592592592592587,0.17592592592592593,0.0,-0.3500000000000001,-22.0,-0.52
71,0.20408163265306117,-0.020408163265306145,-0.18367346938775508,0.5900000000000001,-35.0,1.01
72,-0.19450317124735728,0.043692741367159976,0.1508104298801973,-0.54,-3.0,-0.46
73,0.013157894736842146,0.17105263157894735,-0.18421052631578946,0.20999999999999974,-16.0,0.5599999999999999
74,-0.17045454545454541,0.05681818181818182,0.11363636363636365,-0.45999999999999996,39.0,-0.72
75,0.1798418972332016,0.07246376811594202,-0.25230566534914356,0.6100000000000003,-14.0,1.18
76,-0.07729468599033817,-0.04468599033816428,0.1219806763285024,-0.27,-7.0,-0.09000000000000008
77,0.003831417624521105,-0.0019157088122605526,-0.0019157088122605526,0.010000000000000009,32.0,-0.19999999999999996
78,0.04797979797979801,-0.05429292929292928,0.006313131313131326,0.08999999999999986,5.0,0.5099999999999999
79,0.6956521739130435,0.2391304347826087,0.06521739130434782,0.0,-6.0,0.0
80,0.08331197128941298,-0.03383747756985389,-0.04947449371955909,0.20999999999999996,-24.0,0.45
81,-0.09142857142857147,-0.06190476190476191,0.15333333333333332,-0.3400000000000001,-31.0,-1.3399999999999999
82,-0.15501294857565667,0.10617832038475766,0.04883462819089901,-0.3600000000000001,-11.0,-0.42
83,0.00439560439560438,-0.10476190476190475,0.10036630036630037,-0.08999999999999986,17.0,0.37
84,-0.021164021164021163,0.21164021164021163,-0.19047619047619047,0.1499999999999999,-17.0,0.06000000000000005
85,0.04931972789115646,-0.056122448979591844,0.006802721088435382,0.09000000000000008,-40.0,0.43000000000000005
86,-0.13436293436293445,0.010810810810810811,0.12355212355212353,-0.40000000000000013,28.0,-0.83
87,0.19549180327868854,-0.11106557377049184,-0.08442622950819671,0.48,-6.0,0.44999999999999996
88,-0.08373205741626788,0.1562998405103668,-0.07256778309409889,-0.0900000000000003,-9.0,0.33999999999999986
89,-0.09761321909424725,0.05844553243574052,0.03916768665850673,-0.24,-10.0,-0.23999999999999994
90,0.09090909090909094,0.1818181818181818,-0.2727272727272727,0.4500000000000002,-20.0,0.72
91,-0.08152173913043476,-0.052536231884057955,0.1340579710144928,-0.2999999999999998,45.0,-0.26
92,-0.07950191570881227,0.03975095785440613,0.03975095785440613,-0.19999999999999996,16.0,-0.5
93,0.13131313131313138,-0.09595959595959597,-0.03535353535353536,0.2999999999999998,21.0,0.8099999999999999
94,0.17565217391304344,-0.060869565217391286,-0.11478260869565217,0.47,-40.0,-0.25
95,0.42857142857142855,0.23809523809523808,0.3333333333333333,0.0,3.0,0.0
96,0.008381351492928235,-0.028287061288632787,0.01990570979570455,0.0,-18.0,0.53
97,-0.0023640661938534313,-0.05023640661938539,0.05260047281323876,-0.06000000000000005,-13.0,-0.17000000000000004
98,-0.004312668463611891,0.0210242587601078,-0.016711590296495965,0.010000000000000009,1.0,0.67
99,-0.1463046757164404,-0.019607843137254888,0.16591251885369535,-0.45999999999999996,5.0,-0.72
100,-0.0035714285714285587,0.010714285714285676,-0.007142857142857145,0.0,7.0,-0.39
101,0.3538251366120218,-0.08606557377049182,-0.26775956284153,0.98,-8.0,1.42
102,0.09610983981693372,0.10755148741418763,-0.20366132723112126,0.3999999999999999,-11.0,0.8299999999999998
103,-0.26136363636363635,-0.0037878787878787845,0.26515151515151514,-0.79,47.0,-0.75
104,0.25120772946859904,-0.03864734299516909,-0.21256038647342995,0.72,-2.0,0.83
105,0.5757575757575758,0.18181818181818182,0.24242424242424243,0.0,17.0,0.0
106,-0.012698412698412764,-0.07698412698412702,0.08968253968253967,-0.10999999999999988,3.0,0.20999999999999996
107,0.014729950900163713,-0.07801418439716312,0.06328423349699946,-0.040000000000000036,1.0,-0.010000000000000009
108,0.018796992481202923,-0.08270676691729323,0.06390977443609022,-0.029999999999999805,-4.0,-0.21999999999999986
109,0.13412816691505214,-0.04818678589170394,-0.08594138102334824,0.3599999999999999,-26.0,0.96
110,0.022566086395873652,-0.07350096711798837,0.05093488072211477,0.0,19.0,0.47999999999999987
111,0.14009661835748788,-0.06642512077294688,-0.07367149758454107,0.3600000000000001,-17.0,0.32999999999999985
112,0.1947342275211127,-0.01788375558867364,-0.17685047193243913,0.5700000000000001,-24.0,0.3600000000000001
113,-0.0029239766081871066,0.06286549707602335,-0.05994152046783627,0.05999999999999983,-1.0,0.04999999999999982
114,0.02020202020202022,-0.12373737373737376,0.10353535353535354,-0.06000000000000005,6.0,0.30999999999999983
115,0.21786022433132002,-0.20448662640207074,-0.013373597929249345,0.4500000000000002,-17.0,0.6200000000000001
116,0.25241675617615467,-0.1643394199785177,-0.08807733619763694,0.5900000000000003,-41.0,0.74
117,-0.08780487804878045,-0.0016260162601626216,0.08943089430894308,-0.26,4.0,-0.45999999999999996
118,0.006591957811469928,-0.07382992748846406,0.06723796967699408,-0.050000000000000044,-2.0,0.050000000000000044
119,-0.10474631751227503,0.046099290780141855,0.05864702673213312,-0.2699999999999998,-23.0,-0.17000000000000004
120,0.027485380116959113,-0.0035087719298245723,-0.023976608187134513,0.08000000000000007,-24.0,0.16999999999999993
121,-0.06323185011709603,0.007025761124121788,0.05620608899297422,-0.17999999999999994,-19.0,-0.19999999999999998
122,-0.07500000000000001,0.016666666666666663,0.05833333333333335,-0.20999999999999996,-7.0,0.050000000000000044
123,0.21590909090909088,-0.18863636363636366,-0.027272727272727254,0.45999999999999974,-17.0,1.3
124,0.18650793650793646,-0.11507936507936511,-0.07142857142857145,0.43999999999999995,-20.0,1.08
125,0.1463046757164404,0.02714932126696834,-0.17345399698340877,0.47,-30.0,0.6299999999999999
126,-0.13157894736842107,0.2522464698331194,-0.12066752246469833,-0.1499999999999999,14.0,-0.16999999999999998
127,-0.48214285714285715,0.1964285714285714,0.2857142857142857,-1.25,21.0,-1.6800000000000002
128,0.036538461538461575,-0.011538461538461553,-0.025000000000000022,0.08999999999999986,9.0,0.14
129,-0.04542124542124537,0.06813186813186817,-0.022710622710622685,-0.06000000000000005,2.0,0.040000000000000036
130,0.013684210526315743,-0.056842105263157916,0.04315789473684209,-0.020000000000000018,-3.0,-0.31999999999999995
131,-0.1581920903954802,0.00605326876513318,0.15213882163034706,-0.45999999999999996,8.0,-1.05
132,-0.05692926969522716,-0.030477285796434744,0.08740655549166187,-0.20999999999999996,-4.0,-0.14
133,0.06675224646983313,-0.10012836970474964,0.033376123234916566,0.10000000000000009,-22.0,0.05999999999999994
134,-0.054409005628517804,0.15040650406504066,-0.09599749843652283,-0.009999999999999787,-17.0,-0.08000000000000007
135,0.273469387755102,-0.06258503401360543,-0.21088435374149658,0.7500000000000002,-23.0,1.1400000000000001
136,-0.07777777777777772,0.06666666666666665,0.0111111111111111,-0.16999999999999993,-8.0,-0.050000000000000044
137,0.18026315789473685,-0.08684210526315789,-0.09342105263157896,0.45999999999999996,-9.0,0.16999999999999993
138,0.19642857142857145,-0.11071428571428571,-0.08571428571428569,0.47999999999999976,-10.0,1.3900000000000001
139,0.08271236959761546,-0.08494783904619974,0.0022354694485842153,0.15999999999999992,12.0,0.10999999999999999
140,0.6031746031746031,-0.23809523809523808,-0.36507936507936506,1.57,-48.0,2.37
141,0.1700404858299595,-0.16531713900134953,-0.004723346828609976,0.34999999999999987,-15.0,0.3499999999999999
142,0.06547619047619047,-0.07341269841269843,0.007936507936507908,0.11999999999999988,7.0,0.39
143,-0.012145748987854199,0.025303643724696345,-0.01315789473684209,-0.010000000000000009,4.0,0.20999999999999996
144,0.10784313725490197,-0.059780009564801506,-0.04806312769010046,0.27,-29.0,0.45
145,-0.07770534550195562,0.1335071707953064,-0.055801825293350704,-0.10000000000000009,27.0,-0.21999999999999997
146,0.19047619047619047,-0.07142857142857142,-0.11904761904761904,0.5,-33.0,1.31
147,0.03500000000000003,0.020000000000000018,-0.05500000000000002,0.11999999999999988,8.0,0.25
148,-0.18566450970632153,0.06421105027376806,0.1214534594325535,-0.4900000000000002,19.0,-0.68
149,0.021052631578947323,0.10175438596491226,-0.12280701754385964,0.15999999999999992,18.0,0.4
150,0.047817047817047875,-0.0765765765765766,0.028759528759528752,0.05999999999999983,19.0,0.030000000000000027
151,0.05033731188375723,0.10430721328489881,-0.15464452516865596,0.26,6.0,0.08999999999999997
152,-0.10526315789473684,0.07017543859649122,0.03508771929824561,-0.25,16.0,-0.21999999999999997
153,0.15277777777777773,-0.08333333333333331,-0.06944444444444445,0.3799999999999999,15.0,0.0
154,-0.01948051948051943,0.07792207792207795,-0.05844155844155843,0.020000000000000018,7.0,0.09
155,-0.13319672131147542,0.10368852459016392,0.02950819672131147,-0.2999999999999998,29.0,-1.19
156,-0.12103174603174599,0.041666666666666685,0.07936507936507936,-0.32000000000000006,27.0,-0.69
157,0.4166666666666667,-0.12301587301587297,-0.2936507936507936,1.1300000000000001,-28.0,1.29
158,0.023735810113519107,-0.19246646026831787,0.1687306501547988,-0.1200000000000001,15.0,-0.28
159,-0.038461538461538436,-0.08692933083176985,0.1253908692933083,-0.19999999999999996,1.0,-0.17999999999999994
160,-0.001538461538461544,0.03153846153846157,-0.03,0.030000000000000027,-1.0,0.10999999999999999
161,0.23589743589743584,-0.1395604395604396,-0.09633699633699636,0.56,-35.0,1.27
162,-0.032284100080710254,0.06537530266343825,-0.03309120258272802,-0.040000000000000036,25.0,-0.26
163,-0.048684210526315774,0.0368421052631579,0.011842105263157932,-0.09999999999999987,-5.0,0.06999999999999995
164,0.06280487804878049,-0.0817073170731707,0.018902439024390233,0.10999999999999988,8.0,-0.19000000000000006
165,0.08206686930091184,-0.07294832826747719,-0.009118541033434624,0.16999999999999993,-7.0,0.73
166,0.057432432432432456,-0.06824324324324327,0.010810810810810811,0.09999999999999987,-7.0,0.52
167,0.07894736842105265,-0.03508771929824561,-0.043859649122807015,0.20000000000000018,-23.0,0.19999999999999996
168,0.17817460317460315,-0.10952380952380952,-0.06865079365079368,0.41999999999999993,-21.0,0.87
169,-0.008474576271186418,-0.02521703183133525,0.0336916081025217,-0.050000000000000044,-6.0,-0.25
170,0.04487179487179488,-0.017094017094017144,-0.02777777777777779,0.10999999999999988,10.0,0.35
171,-0.10769230769230764,0.07179487179487182,0.03589743589743591,-0.25,34.0,-0.1499999999999999
172,-0.17817460317460315,0.1595238095238095,0.018650793650793668,-0.3799999999999999,10.0,-0.6599999999999999
173,0.0021637216011539673,-0.007573025604038941,0.005409304002884974,-0.010000000000000009,-2.0,0.13
174,0.00438596491228066,0.06286549707602335,-0.06725146198830412,0.06999999999999984,20.0,0.17000000000000004
175,0.1942307692307692,-0.17884615384615388,-0.015384615384615385,0.3999999999999999,-32.0,1.01
176,0.07986906710310959,-0.14108019639934535,0.06121112929623568,0.09000000000000008,-29.0,0.35
177,0.18650793650793646,-0.11507936507936511,-0.07142857142857145,0.43999999999999995,-20.0,1.08
178,0.014102564102564108,0.048290598290598286,-0.062393162393162394,0.08999999999999986,18.0,0.18000000000000005
179,-0.09253630530226276,0.022289766970618047,0.07024653833164474,-0.26,9.0,-0.5499999999999999
180,0.05646258503401358,0.08197278911564629,-0.1384353741496599,0.25,-7.0,0.45999999999999996
181,0.2678431372549019,-0.10274509803921567,-0.16509803921568628,0.7,-10.0,1.2
182,0.24722222222222223,-0.15555555555555556,-0.09166666666666667,0.5900000000000001,-23.0,0.75
183,0.039215686274509776,-0.18627450980392155,0.14705882352941174,-0.06999999999999984,31.0,-0.84
184,0.0117647058823529,0.023529411764705882,-0.03529411764705881,0.06000000000000005,-23.0,-0.07999999999999996
185,-0.5909090909090909,-0.25,-0.1590909090909091,0.0,41.0,0.0
186,-0.07660256410256416,0.04326923076923078,0.033333333333333354,-0.18000000000000016,-19.0,-0.24
187,-0.16818181818181815,0.051515151515151514,0.11666666666666667,-0.45999999999999974,50.0,-1.0599999999999998
188,0.09038662486938354,-0.07419017763845351,-0.016196447230929972,0.19999999999999996,24.0,0.81
189,-0.10426356589147279,0.10038759689922482,0.003875968992248041,-0.20999999999999996,3.0,-0.52
190,0.2392900856793146,-0.01346389228886169,-0.2258261933904529,0.7099999999999997,-35.0,0.51
191,-0.0009775171065493637,0.10654936461388073,-0.1055718475073314,0.09999999999999987,-32.0,0.79
192,0.20772946859903385,-0.02294685990338169,-0.18478260869565216,0.6000000000000003,-27.0,1.1500000000000001
193,0.01564482029598302,0.006765327695560264,-0.02241014799154334,0.04999999999999982,-22.0,0.5299999999999999
194,0.3095238095238096,-0.10714285714285715,-0.20238095238095238,0.8200000000000003,-40.0,1.31
195,0.04753989361702127,-0.0046542553191489255,-0.04288563829787234,0.14000000000000012,-13.0,-0.18000000000000005
196,-0.11804721888755498,0.12805122048819528,-0.010004001600640244,-0.22999999999999998,-10.0,-0.30999999999999994
197,-0.09333333333333332,0.05666666666666667,0.036666666666666625,-0.21999999999999997,13.0,-0.43000000000000005
198,0.15441176470588236,0.05294117647058824,-0.20735294117647057,0.52,-37.0,0.6599999999999999
199,0.0535947712418301,-0.022222222222222254,-0.03137254901960784,0.1399999999999999,-17.0,0.9299999999999999
200,0.6,0.2,0.2,0.0,-35.0,0.0
201,0.002673796791443861,0.07352941176470587,-0.07620320855614973,0.08000000000000007,-29.0,0.39
202,0.13741258741258738,-0.0874125874125874,-0.04999999999999999,0.32999999999999985,-53.0,0.7999999999999998
203,-0.04583333333333339,0.07916666666666666,-0.033333333333333326,-0.050000000000000266,-16.0,0.020000000000000018
204,0.37882496940024474,-0.19951040391676866,-0.17931456548347613,0.9399999999999997,-46.0,1.2999999999999998
205,-0.03527131782945736,0.08565891472868215,-0.0503875968992248,-0.020000000000000018,8.0,-0.2699999999999999
206,0.01867512332628607,-0.09020436927413669,0.0715292459478506,-0.040000000000000036,-5.0,0.039999999999999925
207,-0.09341692789968659,0.17115987460815046,-0.07774294670846396,-0.1100000000000001,-41.0,-0.32000000000000006
208,0.16830294530154277,0.02454417952314164,-0.1928471248246844,0.5300000000000002,-21.0,0.6000000000000001
209,0.04040404040404044,-0.15404040404040406,0.11363636363636365,-0.029999999999999805,26.0,-0.24
210,0.15104166666666669,-0.13541666666666669,-0.015625,0.31000000000000005,-11.0,0.63
211,0.11094224924012164,0.03292806484295846,-0.14387031408308004,0.3700000000000001,-16.0,0.86
212,-0.1497959183673469,-0.025306122448979618,0.17510204081632652,-0.47,20.0,-0.89
213,-0.17450980392156856,0.046078431372548995,0.12843137254901965,-0.48,-3.0,-0.7699999999999999
214,-0.19362745098039214,0.1333333333333333,0.06029411764705883,-0.4500000000000002,6.0,0.18000000000000005
215,-0.09281045751633987,0.2084967320261438,-0.1156862745098039,-0.07000000000000006,-14.0,-0.09
216,0.21401515151515155,-0.13068181818181818,-0.08333333333333334,0.51,-34.0,1.0399999999999998
217,0.03076923076923077,0.03589743589743588,-0.06666666666666668,0.1299999999999999,3.0,0.26
218,-0.009090909090909038,0.04999999999999999,-0.04090909090909092,0.020000000000000018,-6.0,0.47
219,0.5882352941176471,0.17647058823529413,0.23529411764705882,0.0,-12.0,0.0
220,0.13953488372093015,-0.18604651162790697,0.04651162790697676,0.22999999999999998,-11.0,0.7899999999999999
221,-0.27456140350877195,0.09912280701754383,0.1754385964912281,-0.7299999999999998,43.0,-0.7799999999999999
222,0.00303030303030305,-0.09696969696969696,0.09393939393939393,-0.08999999999999986,17.0,-0.49
223,-0.1090617481956696,0.1643945469125902,-0.05533279871692062,-0.15999999999999992,-19.0,-0.85
224,-0.19858156028368795,0.1400709219858156,0.05851063829787234,-0.4500000000000002,24.0,-0.44999999999999996
225,-0.1584821428571429,-0.028273809523809534,0.18675595238095238,-0.5100000000000002,29.0,-0.6799999999999999
226,-0.1673254281949934,-0.13109354413702237,0.2984189723320158,-0.6300000000000001,53.0,-1.3900000000000001
227,-0.03942652329749108,0.04749103942652333,-0.008064516129032251,-0.07000000000000006,6.0,-0.55
228,0.05842336934773906,-0.0680272108843537,0.009603841536614643,0.10000000000000009,3.0,-0.37
229,0.03076923076923077,-0.03076923076923077,0.0,0.06000000000000005,5.0,-0.33999999999999986
230,0.285,-0.03999999999999998,-0.245,0.8200000000000001,-29.0,1.08
231,0.009090909090909038,0.016666666666666663,-0.025757575757575757,0.04999999999999982,4.0,0.1299999999999999
232,-0.039294306335204476,0.1643945469125902,-0.12510024057738572,0.04999999999999982,-29.0,-0.64
233,0.1111111111111111,-0.1111111111111111,0.0,0.21999999999999997,-10.0,0.24999999999999997
234,0.18516746411483248,-0.006698564593301426,-0.1784688995215311,0.5499999999999998,-47.0,0.83
235,-0.009316770186335366,0.026915113871635643,-0.017598343685300208,0.0,-3.0,-0.09000000000000008
236,-0.11020408163265305,0.0653061224489796,0.04489795918367345,-0.27,10.0,-0.17000000000000004
237,0.24806201550387602,-0.11434108527131787,-0.13372093023255816,0.6299999999999999,-32.0,0.71
238,0.025000000000000022,-0.06666666666666665,0.04166666666666666,0.010000000000000231,3.0,-0.58
239,-0.12490118577075104,0.02648221343873519,0.09841897233201581,-0.3500000000000003,-7.0,-0.3700000000000001
240,-0.09159943046986241,-0.03701945894636921,0.12861888941623162,-0.31999999999999984,6.0,-0.25
241,-0.05217391304347829,-0.01594202898550723,0.06811594202898551,-0.17000000000000037,-1.0,-0.17000000000000015
242,-0.11020408163265305,-0.0013605442176870541,0.11156462585034013,-0.33999999999999986,12.0,-0.7699999999999999
243,-0.07077856420626893,0.019716885743174928,0.051061678463094035,-0.1900000000000004,5.0,-0.6900000000000001
244,-0.16179969716634224,0.10880380705169804,0.05299589011464417,-0.3699999999999999,66.0,-0.6
245,-0.1233569261880687,0.08493427704752274,0.03842264914054602,-0.28,7.0,-0.10999999999999999
246,-0.009433962264150941,0.14914645103324348,-0.13971248876909256,0.1200000000000001,34.0,0.37
247,0.04421768707482987,-0.09863945578231295,0.054421768707483,0.040000000000000036,-14.0,0.04999999999999993
248,0.05787515502273666,0.04464654816039684,-0.1025217031831335,0.21999999999999975,-6.0,0.87
249,0.08803088803088804,0.01776061776061777,-0.10579150579150576,0.28,5.0,-0.17
250,0.0029761904761904656,0.05059523809523808,-0.0535714285714286,0.06000000000000005,-17.0,0.38
251,0.169223156853043,-0.10885700148441366,-0.06036615536862941,0.3999999999999999,-14.0,1.0299999999999998
252,0.2123745819397993,-0.06465997770345597,-0.14771460423634336,0.5700000000000003,-32.0,0.6799999999999999
253,0.012499999999999956,0.040624999999999994,-0.053125000000000006,0.07000000000000006,26.0,0.20000000000000007
254,0.19290780141843972,0.012293144208037787,-0.20520094562647753,0.5899999999999999,-26.0,0.65
255,-0.08130081300813008,0.06852497096399535,0.012775842044134678,-0.18000000000000016,44.0,-0.89
256,0.02075098814229248,-0.03458498023715417,0.013833992094861663,0.029999999999999805,24.0,0.30999999999999994
257,0.3034188034188034,-0.14031339031339032,-0.1631054131054131,0.77,-104.0,0.4800000000000001
258,0.0977854472246189,-0.09462180040264595,-0.003163646821972954,0.19999999999999996,20.0,0.6399999999999999
259,0.369453044375645,-0.07946336429308565,-0.2899896800825593,1.0299999999999998,-22.0,1.2400000000000002
260,-0.023950017355085063,-0.04859423811176672,0.07254425546685178,-0.11999999999999988,67.0,-0.28
261,0.10127069695802848,-0.17635733538698498,0.07508663842895649,0.1299999999999999,-40.0,-0.06000000000000005
262,-0.04761904761904767,-0.07142857142857145,0.11904761904761907,-0.20999999999999996,-8.0,-0.26
263,-0.01449275362318847,0.07246376811594202,-0.05797101449275363,0.030000000000000027,-8.0,-0.20999999999999996
264,0.15704154002026338,-0.06788247213779128,-0.08915906788247213,0.3999999999999999,-9.0,0.7999999999999999
265,-0.20484261501210654,0.06973365617433414,0.1351089588377724,-0.54,11.0,-0.44999999999999996
266,0.17468688200395516,-0.04284772577455506,-0.13183915622940015,0.47999999999999976,-22.0,1.49
267,0.11141304347826086,-0.04823369565217392,-0.06317934782608696,0.29000000000000026,-41.0,0.16999999999999993
268,0.009205426356589164,-0.09156976744186046,0.08236434108527133,-0.06000000000000005,12.0,-0.15000000000000002
269,0.08846153846153848,-0.05705128205128204,-0.03141025641025638,0.20999999999999996,-17.0,0.30999999999999994
270,0.07420861442656979,-0.15464452516865596,0.08043591074208617,0.07000000000000006,3.0,0.45999999999999996
271,0.2,0.0984126984126984,-0.29841269841269835,0.7,-73.0,1.08
272,0.1488294314381271,-0.04933110367892976,-0.09949832775919733,0.40000000000000013,-26.0,0.20000000000000018
273,0.1338383838383838,-0.05639730639730639,-0.07744107744107742,0.3400000000000001,-102.0,-0.030000000000000027
274,0.03508771929824567,0.03508771929824561,-0.07017543859649122,0.1399999999999999,-6.0,-0.19
275,0.23657987785278045,-0.01992928318868531,-0.21665059466409514,0.69,-36.0,0.7900000000000001
276,0.13784967981125718,-0.15739804516346476,0.01954836535220761,0.25,1.0,0.31999999999999995
277,0.14730694354315377,-0.03634003893575602,-0.1109669046073978,0.3999999999999999,-74.0,0.39
278,0.05705300988319861,-0.07771787960467202,0.020664869721473494,0.08999999999999986,-26.0,-0.10999999999999999
279,-0.09183673469387754,0.0272108843537415,0.06462585034013607,-0.25,6.0,-0.30999999999999994
280,-0.2627177700348432,0.025087108013937293,0.2376306620209059,-0.7599999999999998,17.0,-1.3199999999999998
281,0.1168117269812185,-0.0874942739349519,-0.02931745304626665,0.26,-16.0,0.62
282,-0.16001773049645385,0.017287234042553196,0.14273049645390073,-0.45999999999999996,26.0,-1.18
283,-0.01218161683277963,0.04097452934662238,-0.028792912513842722,0.0,5.0,-0.22999999999999998
284,-0.11869918699186993,-0.16693766937669374,0.28563685636856373,-0.5199999999999998,29.0,-0.19000000000000006
285,0.007092198581560294,0.08611955420466061,-0.09321175278622085,0.1100000000000001,-47.0,0.43000000000000005
286,-0.10096153846153844,0.01642628205128205,0.08453525641025639,-0.28,-9.0,-0.51
287,-0.12391304347826082,0.007608695652173925,0.11630434782608697,-0.3600000000000003,15.0,-0.37
288,-0.16958041958041958,0.08391608391608393,0.08566433566433566,-0.42999999999999994,2.0,-0.5100000000000001
289,-0.1545893719806763,0.09098228663446056,0.06360708534621576,-0.3699999999999999,78.0,-0.2799999999999999
290,-0.33436532507739936,0.11455108359133126,0.2198142414860681,-0.8899999999999999,16.0,-1.4300000000000002
291,-0.13287316652286457,0.05953408110440034,0.07333908541846418,-0.33999999999999986,-14.0,-0.44999999999999996
292,-0.04870557261956998,-0.03729706011408512,0.08600263273365513,-0.18000000000000016,-31.0,-0.18999999999999995
293,0.055437853107344615,-0.0858050847457627,0.030367231638418035,0.08000000000000007,-18.0,0.10999999999999999
294,0.046704722366372575,0.023871302542812667,-0.07057602490918527,0.16000000000000014,-2.0,0.19999999999999996
295,0.01212658976634129,0.018337769890564903,-0.030464359656906248,0.06000000000000005,-10.0,-0.19000000000000006
296,0.25927889713679747,0.09544008483563096,-0.35471898197242846,0.8700000000000001,-30.0,0.85
297,0.18353576248313086,0.01855600539811067,-0.20209176788124156,0.5700000000000001,-17.0,1.1700000000000002
298,-0.2220744680851064,0.010970744680851074,0.21110372340425532,-0.6499999999999999,-14.0,-1.1400000000000001
299,0.3204099821746881,-0.21702317290552586,-0.10338680926916222,0.7499999999999998,-1.0,0.7700000000000001
300,-0.018394648829431426,0.005852842809364545,0.012541806020066881,-0.04999999999999982,3.0,-0.13000000000000012
301,-0.07897286821705429,0.11482558139534882,-0.03585271317829458,-0.1200000000000001,-16.0,0.08000000000000007
302,-0.08901432913590968,-0.006947459834997838,0.09596178897090751,-0.27,1.0,-0.97
303,-0.5027117229870672,0.19816437213183147,0.3045473508552357,-1.3099999999999998,29.0,-1.7000000000000002
304,-0.2320525783619818,0.08493427704752274,0.14711830131445908,-0.6100000000000003,12.0,-0.6599999999999999
305,-0.16228619107217357,0.0917813934084272,0.07050479766374634,-0.3999999999999999,4.0,0.04999999999999982
306,-0.23899059871350814,0.13211281543790201,0.10687778327560615,-0.5800000000000001,10.0,-1.0999999999999999
307,-0.16922421142369992,0.13895993179880647,0.030264279624893434,-0.36999999999999966,2.0,-0.3900000000000001
308,0.14818223653934648,-0.0796134376438104,-0.06856879889553613,0.3699999999999999,-15.0,0.92
309,0.053804119377889925,-0.12021857923497267,0.0664144598570828,0.050000000000000044,-36.0,0.21999999999999997
310,0.1625874125874125,-0.09615384615384615,-0.06643356643356643,0.40000000000000013,-14.0,0.13000000000000012
311,-0.010204081632653073,-0.036989795918367346,0.04719387755102039,-0.07000000000000006,-48.0,-0.21999999999999997
312,-0.03296703296703296,-0.05311355311355315,0.08608058608058608,-0.1499999999999999,-4.0,0.27
313,0.10993589743589743,-0.0006410256410256387,-0.10929487179487182,0.33000000000000007,-21.0,0.53
314,0.1436274509803921,-0.05294117647058827,-0.09068627450980393,0.3700000000000001,1.0,0.6300000000000001
315,0.08990913438546155,0.028216164514586306,-0.11812529890004783,0.30000000000000027,-23.0,0.3699999999999999
316,0.09999999999999998,-0.009803921568627416,-0.09019607843137253,0.29000000000000004,-20.0,0.11000000000000004
317,0.18754605747973468,-0.04900515843773029,-0.13854089904200442,0.51,-16.0,0.8
318,0.05102040816326525,0.1116780045351474,-0.16269841269841273,0.27,-16.0,0.24
319,0.11195542046605866,-0.049138804457953406,-0.06281661600810537,0.29000000000000004,-2.0,0.3700000000000001
320,0.10635792778649922,-0.09693877551020408,-0.009419152276295112,0.21999999999999997,-1.0,0.32999999999999996
321,-0.011760636457972984,0.03804911795226565,-0.026288481494292637,0.010000000000000009,24.0,0.39999999999999997
322,-0.061207609594706336,0.11414392059553352,-0.05293631100082713,-0.07000000000000006,-11.0,0.1399999999999999
323,0.11939375193318891,-0.02443550881534176,-0.0949582431178472,0.32999999999999985,-17.0,0.7100000000000001
324,0.057823129251700744,0.08503401360544219,-0.14285714285714285,0.26,-38.0,0.5599999999999999
325,-0.05797773654916516,-0.025510204081632654,0.08348794063079779,-0.18999999999999995,47.0,-0.69
326,0.23076923076923073,-0.033653846153846145,-0.1971153846153846,0.6600000000000001,-13.0,1.04
327,-0.025015634771732354,0.06504065040650403,-0.04002501563477173,-0.010000000000000009,38.0,-0.010000000000000009
328,-0.12007504690431525,0.012507817385866149,0.10756722951844902,-0.3500000000000001,-15.0,-0.3999999999999999
329,-0.09583333333333327,-0.008333333333333304,0.10416666666666666,-0.29000000000000004,-3.0,-0.3900000000000001
330,-0.0028011204481792618,-0.0938375350140056,0.09663865546218489,-0.10000000000000009,34.0,0.30000000000000004
331,0.062141779788838614,0.060633484162895934,-0.12277526395173455,0.25,-19.0,0.29
332,-0.04347826086956519,0.0843989769820972,-0.04092071611253195,-0.050000000000000044,-11.0,-0.25
333,-0.04406779661016952,-0.04519774011299432,0.08926553672316384,-0.16999999999999993,7.0,-0.44
334,-0.045133437990580894,0.056122448979591844,-0.010989010989011005,-0.08000000000000007,-38.0,-0.22999999999999998
335,0.12896222318714712,-0.011723838471558834,-0.11723838471558837,0.3699999999999999,-35.0,0.4600000000000001
336,-0.010204081632653073,0.15249433106575963,-0.1422902494331066,0.13000000000000012,23.0,0.14
337,-0.0604395604395605,-0.001831501831501825,0.06227106227106227,-0.17999999999999994,-8.0,-0.26
338,-0.05859117840684658,0.030941408821593158,0.027649769585253448,-0.15000000000000013,35.0,-0.16000000000000003
339,-0.00524616626311547,-0.07546408393866022,0.08071025020177564,-0.08999999999999986,9.0,-0.48999999999999994
340,-0.22056514913657765,0.07064364207221349,0.14992150706436422,-0.5900000000000001,61.0,-0.8200000000000001
341,0.06818181818181823,0.0625,-0.13068181818181818,0.26,1.0,0.9099999999999999
342,-0.17319787131107883,0.14465408805031443,0.0285437832607644,-0.3799999999999999,53.0,-0.93
343,-0.02878848460615757,0.05517792882846864,-0.02638944422231107,-0.040000000000000036,-2.0,-0.20999999999999996
344,-0.04779411764705882,0.06127450980392157,-0.013480392156862725,-0.08000000000000007,2.0,-0.24
345,-0.2057692307692307,-0.007692307692307665,0.21346153846153848,-0.6200000000000001,18.0,-0.9200000000000002
346,0.0301659125188537,-0.040723981900452455,0.010558069381598811,0.04999999999999982,38.0,0.030000000000000027
347,-0.08710801393728229,0.0656213704994193,0.02148664343786294,-0.20000000000000018,-11.0,-0.6699999999999999
348,-0.061224489795918324,0.040816326530612235,0.020408163265306117,-0.1399999999999999,39.0,-0.09999999999999998
349,-0.09615384615384615,-0.05555555555555555,0.15170940170940173,-0.3500000000000001,-22.0,-0.47
350,-0.1440677966101695,-0.035393818544366906,0.17946161515453637,-0.45999999999999996,27.0,-0.55
351,-0.14347826086956517,0.09420289855072461,0.04927536231884058,-0.3400000000000001,9.0,-0.36000000000000004
352,-0.11720158672917413,-0.026325279480706815,0.143526866209881,-0.3799999999999999,11.0,-0.8600000000000001
353,0.017006802721088454,0.03741496598639457,-0.054421768707483,0.07999999999999985,-33.0,0.08999999999999997
354,0.002616431187859758,-0.08320251177394036,0.08058608058608058,-0.08000000000000007,46.0,-0.29999999999999993
355,0.0007680491551458335,-0.11597542242703535,0.1152073732718894,-0.10999999999999988,3.0,-0.3999999999999999
356,0.160377358490566,0.0011792452830188815,-0.1615566037735849,0.48,-11.0,1.01
357,0.05929487179487175,-0.0352564102564103,-0.024038461538461536,0.14000000000000012,1.0,0.06000000000000005
358,0.05368234250221826,-0.10780834072759538,0.054125998225377114,0.050000000000000044,-27.0,-0.07999999999999996
359,0.11118737131091283,0.019217570350034324,-0.13040494166094715,0.34999999999999987,-20.0,0.77
360,0.12191582002902757,-0.0677310111272375,-0.05418480890179003,0.2999999999999998,-5.0,0.78
361,-0.11609620721554115,0.02636447733580019,0.08973172987974098,-0.31999999999999984,15.0,-0.54
362,0.0008028904054596664,-0.02408671216378963,0.023283821758329992,-0.020000000000000018,1.0,0.22999999999999998
363,0.09219554030874777,-0.06132075471698112,-0.030874785591766735,0.21999999999999997,-12.0,0.10000000000000009
364,0.10855405992184108,-0.09335649153278333,-0.015197568389057753,0.22999999999999998,-3.0,0.3600000000000001
365,0.01716141001855298,-0.056122448979591844,0.038961038961038974,-0.010000000000000009,10.0,0.49
366,0.19895104895104898,-0.042307692307692324,-0.15664335664335666,0.55,-13.0,1.27
367,0.06384092098377808,-0.0015698587127158659,-0.06227106227106227,0.18999999999999995,-6.0,0.27
368,0.027198211624441138,0.03688524590163936,-0.06408345752608047,0.10999999999999988,-5.0,0.61
369,-0.20219780219780215,-0.01721611721611721,0.21941391941391944,-0.6200000000000001,16.0,-0.32
370,0.05102040816326525,-0.017406962785114055,-0.03361344537815128,0.1399999999999999,-1.0,0.42999999999999994
371,-0.05519339417644503,0.12125162972620601,-0.06605823554976098,-0.040000000000000036,-2.0,0.22999999999999993
372,0.160377358490566,0.0011792452830188815,-0.1615566037735849,0.48,-11.0,1.01
373,0.05929487179487175,-0.0352564102564103,-0.024038461538461536,0.14000000000000012,1.0,0.06000000000000005
374,0.027198211624441138,0.03688524590163936,-0.06408345752608047,0.10999999999999988,-5.0,0.61
375,-0.20219780219780215,-0.01721611721611721,0.21941391941391944,-0.6200000000000001,16.0,-0.32
376,0.05368234250221826,-0.10780834072759538,0.054125998225377114,0.050000000000000044,-27.0,-0.07999999999999996
377,0.11118737131091283,0.019217570350034324,-0.13040494166094715,0.34999999999999987,-20.0,0.77
378,0.05102040816326525,-0.017406962785114055,-0.03361344537815128,0.1399999999999999,-1.0,0.42999999999999994
379,-0.05519339417644503,0.12125162972620601,-0.06605823554976098,-0.040000000000000036,-2.0,0.22999999999999993
380,-0.11609620721554115,0.02636447733580019,0.08973172987974098,-0.31999999999999984,15.0,-0.54
381,0.12191582002902757,-0.0677310111272375,-0.05418480890179003,0.2999999999999998,-5.0,0.78
382,0.06384092098377808,-0.0015698587127158659,-0.06227106227106227,0.18999999999999995,-6.0,0.27
383,0.19895104895104898,-0.042307692307692324,-0.15664335664335666,0.55,-13.0,1.27
384,0.0008028904054596664,-0.02408671216378963,0.023283821758329992,-0.020000000000000018,1.0,0.22999999999999998
385,0.01716141001855298,-0.056122448979591844,0.038961038961038974,-0.010000000000000009,10.0,0.49
386,0.09219554030874777,-0.06132075471698112,-0.030874785591766735,0.21999999999999997,-12.0,0.10000000000000009
387,0.10855405992184108,-0.09335649153278333,-0.015197568389057753,0.22999999999999998,-3.0,0.3600000000000001
388,-0.14583333333333337,0.08333333333333334,0.0625,-0.3500000000000001,-1.0,-0.45
389,0.060975609756097615,-0.053658536585365874,-0.007317073170731714,0.13000000000000012,29.0,0.07999999999999996
390,-0.18597560975609762,0.10365853658536586,0.08231707317073172,-0.4500000000000002,20.0,-0.33
391,-0.02083333333333337,0.033333333333333354,-0.012500000000000011,-0.030000000000000027,-50.0,-0.19999999999999996
392,0.125,-0.04999999999999999,-0.07500000000000001,0.32000000000000006,-49.0,0.25000000000000006
393,-0.040142276422764245,0.02032520325203252,0.019817073170731725,-0.10000000000000009,21.0,0.12
394,-0.09193245778611625,-0.04002501563477173,0.13195747342088804,-0.31000000000000005,6.0,-0.28
395,-0.013605442176870763,-0.023809523809523808,0.03741496598639457,-0.06999999999999984,-4.0,-0.5
396,0.03767660910518045,-0.03663003663003664,-0.001046572475143892,0.07000000000000028,-38.0,0.010000000000000009
397,0.04065040650406504,0.05284552845528456,-0.09349593495934959,0.16999999999999993,28.0,-0.22999999999999998
398,0.0542558486809358,0.07665505226480837,-0.13091090094574415,0.23999999999999977,32.0,0.27
399,0.05128205128205121,-0.01282051282051283,-0.038461538461538464,0.14000000000000012,-34.0,0.51
400,0.19664031620553357,-0.12055335968379444,-0.07608695652173914,0.47,-33.0,0.29000000000000004
401,0.08958566629339304,-0.05543113101903696,-0.034154535274356135,0.21999999999999997,-1.0,-0.09999999999999998
402,0.16327474560592048,-0.0818686401480111,-0.08140610545790933,0.3999999999999999,-4.0,0.51
403,-0.05622009569377995,0.01674641148325362,0.03947368421052633,-0.1499999999999999,-28.0,-0.12
404,-0.2528604118993135,0.13729977116704806,0.11556064073226546,-0.6199999999999999,5.0,-0.41000000000000003
405,-0.03336557059961309,0.03868471953578334,-0.005319148936170193,-0.07000000000000006,29.0,0.21999999999999997
406,0.07542147293700086,0.09760425909494233,-0.1730257320319432,0.33000000000000007,-17.0,0.6600000000000001
407,0.11477761836441891,-0.02080344332855094,-0.093974175035868,0.32000000000000006,-29.0,0.72
408,-0.020148462354188768,0.01696712619300106,0.003181336161187681,-0.040000000000000036,-13.0,-0.10999999999999988
409,-0.019207683073229287,0.10144057623049221,-0.0822328931572629,0.050000000000000044,25.0,0.04999999999999999
410,-0.09462915601023014,0.0038363171355498826,0.09079283887468031,-0.28,42.0,-0.6100000000000001
411,-0.09556993529118962,-0.08063713290194127,0.1762070681931309,-0.3700000000000001,4.0,-0.77
412,0.006211180124223614,0.05403726708074533,-0.06024844720496897,0.08000000000000007,-10.0,0.08000000000000002
413,0.08935128518971847,0.02815177478580172,-0.11750305997552019,0.30000000000000027,-4.0,0.47
414,0.2861476238624873,-0.09656218402426692,-0.1895854398382204,0.76,-23.0,1.3
415,-0.20300751879699247,0.07067669172932331,0.1323308270676692,-0.5399999999999998,29.0,-0.9100000000000001
416,-0.29235880398671094,0.04252491694352159,0.24983388704318937,-0.8400000000000001,33.0,-1.3800000000000001
417,0.19679633867276886,-0.12471395881006864,-0.07208237986270022,0.45999999999999974,-19.0,0.8300000000000001
418,0.04166666666666663,-0.05729166666666666,0.015625,0.07000000000000006,-14.0,0.7100000000000001
419,-0.1578099838969404,0.09742351046698872,0.06038647342995168,-0.3699999999999999,-38.0,-0.13
420,0.03009259259259256,-0.08043981481481483,0.05034722222222221,0.010000000000000009,46.0,0.16000000000000003
421,0.16938405797101447,-0.07427536231884055,-0.09510869565217389,0.42999999999999994,-22.0,0.68
422,-0.01157407407407407,-0.023148148148148168,0.03472222222222221,-0.06000000000000005,60.0,-0.55
423,0.12771739130434784,-0.01698369565217389,-0.11073369565217389,0.3599999999999999,-8.0,-0.030000000000000027
424,0.35999999999999993,-0.14500000000000002,-0.21500000000000002,0.9399999999999997,-52.0,1.86
425,-0.1428571428571429,0.047619047619047616,0.09523809523809523,-0.3799999999999999,1.0,-0.5899999999999999
426,0.19999999999999996,-0.11071428571428571,-0.08928571428571427,0.48999999999999977,-11.0,1.25
427,0.3028571428571429,-0.08190476190476192,-0.22095238095238098,0.8299999999999998,-42.0,1.2
428,-0.05714285714285705,0.0630952380952381,-0.005952380952380959,-0.10999999999999988,10.0,-0.6600000000000001
429,-0.15999999999999998,0.03428571428571431,0.12571428571428575,-0.44999999999999996,41.0,-0.6100000000000001
430,-0.11011904761904762,0.05654761904761904,0.053571428571428575,-0.28,-44.0,-0.75
431,-0.0664160401002506,0.03007518796992481,0.03634085213032581,-0.17000000000000015,-18.0,0.18999999999999995
432,-0.05654761904761907,-0.05654761904761904,0.11309523809523811,-0.2200000000000002,32.0,0.17999999999999994
433,0.10025062656641609,0.03007518796992481,-0.13032581453634087,0.33000000000000007,-6.0,0.76
434,0.009868421052631526,-0.08662280701754385,0.0767543859649123,-0.050000000000000044,50.0,-0.010000000000000009
435,0.16666666666666669,0.0,-0.16666666666666669,0.5000000000000002,12.0,0.5700000000000001
436,0.10869565217391308,-0.10869565217391303,0.0,0.20999999999999996,2.0,-0.09000000000000008
437,-0.15306122448979587,0.05714285714285716,0.09591836734693876,-0.40000000000000013,13.0,-0.69
438,0.29166666666666663,-0.08333333333333334,-0.20833333333333334,0.79,-58.0,1.44
439,0.1643132220795892,-0.04557124518613609,-0.11874197689345314,0.44999999999999996,6.0,0.61
440,0.15843023255813948,-0.07957848837209303,-0.07885174418604651,0.40000000000000013,-13.0,0.9400000000000001
441,0.13749999999999996,-0.05416666666666667,-0.08333333333333334,0.3599999999999999,-57.0,0.5700000000000001
442,-0.19679633867276886,0.12471395881006864,0.07208237986270022,-0.45999999999999974,17.0,-0.44000000000000006
443,-0.19047619047619052,0.047619047619047616,0.14285714285714288,-0.53,3.0,-0.6599999999999999
444,-0.17391304347826086,0.04782608695652174,0.12608695652173912,-0.47,10.0,-0.47
445,0.020930232558139528,0.011046511627906985,-0.03197674418604651,0.07000000000000028,-1.0,-0.21999999999999997
446,-0.20807453416149074,0.04451345755693581,0.16356107660455485,-0.5799999999999998,10.0,-0.46999999999999986
447,-0.21036585365853655,0.0060975609756097615,0.20426829268292682,-0.6200000000000001,48.0,-0.9199999999999999
448,-0.02608695652173909,-0.02282608695652172,0.048913043478260865,-0.10999999999999988,4.0,-0.78
449,-0.057491289198606355,0.0058072009291521565,0.05168408826945414,-0.16999999999999993,5.0,0.08000000000000007
450,0.05714285714285705,-0.0630952380952381,0.005952380952380959,0.10999999999999988,-10.0,0.6600000000000001
451,0.08854718981972431,-0.09172852598091197,0.003181336161187681,0.16999999999999993,-11.0,-0.19999999999999996
452,0.2071641791044776,-0.17582089552238808,-0.03134328358208954,0.4500000000000002,6.0,0.48
453,0.009615384615384581,0.020833333333333343,-0.03044871794871795,0.04999999999999982,10.0,-0.45999999999999996
454,-0.067451205510907,-0.08582089552238806,0.15327210103329506,-0.2799999999999998,32.0,-0.29999999999999993
455,0.265,-0.11083333333333337,-0.15416666666666665,0.6800000000000002,-36.0,1.24
456,-0.2746153846153846,0.09000000000000002,0.1846153846153846,-0.73,26.0,-0.7799999999999999
457,0.057835820895522416,0.06498756218905472,-0.1228233830845771,0.22999999999999998,-42.0,0.7599999999999999
458,-0.05294117647058816,0.04607843137254902,0.006862745098039219,-0.10999999999999988,-15.0,0.1299999999999999
459,0.16820276497695857,-0.06747860434496378,-0.10072416063199471,0.43999999999999995,-3.0,1.0999999999999999
460,-0.2714285714285714,0.09489795918367347,0.17653061224489794,-0.72,-1.0,-1.54
461,0.050284629981024676,0.01865907653383933,-0.068943706514864,0.17000000000000015,-11.0,0.5700000000000001
462,-0.21848739495798325,0.04881952781112445,0.16966786714685872,-0.6100000000000001,14.0,-1.67
463,0.10322580645161283,-0.027419354838709692,-0.07580645161290323,0.28,4.0,0.44000000000000017
464,0.23142857142857148,-0.04357142857142854,-0.18785714285714283,0.6500000000000001,-48.0,0.99
465,0.11519607843137253,-0.05882352941176472,-0.056372549019607865,0.2899999999999998,-13.0,0.13
466,0.029761904761904767,-0.05357142857142855,0.023809523809523836,0.030000000000000027,-25.0,0.19
467,0.08647058823529419,0.06882352941176473,-0.1552941176470588,0.3300000000000003,-10.0,0.6699999999999999
468,-0.20166666666666672,-0.010000000000000009,0.21166666666666667,-0.6200000000000001,23.0,-0.7999999999999999
469,-0.1449579831932773,0.11239495798319327,0.03256302521008403,-0.31999999999999984,38.0,-0.32
470,0.04105263157894734,0.004561403508771933,-0.045614035087719274,0.13000000000000012,-20.0,0.5899999999999999
471,-0.0037105751391465214,0.06307977736549164,-0.05936920222634509,0.050000000000000266,-34.0,-0.28
472,-0.0574162679425837,-0.006379585326953763,0.06379585326953746,-0.17999999999999994,-8.0,-0.73
473,0.012653061224489837,0.06489795918367347,-0.07755102040816328,0.10000000000000009,-6.0,-0.1399999999999999
474,-0.05370569280343718,-0.0694593626924454,0.12316505549588255,-0.2300000000000002,26.0,-0.44999999999999996
475,0.016363636363636358,0.0018181818181818299,-0.018181818181818188,0.04999999999999982,28.0,0.14000000000000012
476,-0.14180154820548907,0.16819141449683322,-0.026389866291344127,-0.26000000000000023,-13.0,-0.20999999999999996
477,0.23747276688453156,0.015250544662309407,-0.2527233115468409,0.73,-24.0,1.57
478,0.30204342273307794,-0.12132822477650063,-0.18071519795657726,0.79,-7.0,1.56
479,0.07723089235694269,-0.03161264505802319,-0.045618247298919556,0.20000000000000018,-4.0,0.21999999999999997
480,0.06457065584854638,-0.13657876943881003,0.07200811359026368,0.06000000000000005,17.0,-0.010000000000000009
481,-0.16024187452758887,-0.0468631897203326,0.20710506424792138,-0.5299999999999998,20.0,-1.35
482,0.15020408163265309,0.015510204081632645,-0.1657142857142857,0.4700000000000002,10.0,0.8099999999999999
483,0.02608695652173909,0.03130434782608697,-0.05739130434782608,0.11000000000000032,-39.0,-0.32000000000000006
484,0.05999999999999994,-0.09999999999999998,0.04000000000000001,0.08000000000000007,-20.0,0.5
485,-0.18411712511091394,0.1157941437444543,0.06832298136645962,-0.43999999999999995,-29.0,-1.63
486,-0.21020408163265303,0.08448979591836733,0.1257142857142857,-0.5500000000000003,10.0,-1.31
487,0.03391304347826085,-0.13130434782608696,0.09739130434782609,-0.03000000000000025,19.0,0.8200000000000001
488,-0.0018604651162790753,-0.11209302325581394,0.11395348837209301,-0.11999999999999988,-28.0,0.15000000000000002
489,0.20808510638297872,-0.11914893617021277,-0.08893617021276595,0.51,-20.0,1.05
490,-0.09005442850074219,0.052944087085601166,0.037110341415141024,-0.20999999999999996,22.0,-0.28
491,0.3,-0.06,-0.24,0.8399999999999999,-14.0,1.1800000000000002
492,-0.2981395348837209,0.17209302325581394,0.12604651162790698,-0.72,42.0,-1.33
493,0.09191489361702126,0.059148936170212774,-0.15106382978723404,0.32999999999999985,6.0,0.13
494,-0.1869639794168096,0.04631217838765006,0.1406518010291595,-0.51,-14.0,-0.6000000000000001
495,0.19119226638023634,-0.07089151450053705,-0.12030075187969924,0.5,-52.0,1.22
496,0.22045680238331677,-0.08937437934458786,-0.13108242303872888,0.5699999999999998,-33.0,0.79
497,0.15769944341372916,-0.027829313543599243,-0.12987012987012986,0.44000000000000017,-5.0,1.03
498,-0.033492822966507185,0.0430622009569378,-0.009569377990430616,-0.05999999999999983,47.0,-0.19
499,0.029264536003080432,-0.018482864844050817,-0.010781671159029643,0.06999999999999984,19.0,-0.42999999999999994
500,0.028225806451612878,0.05174731182795697,-0.07997311827956988,0.13000000000000012,-8.0,0.24
501,0.023636363636363678,0.07818181818181819,-0.10181818181818182,0.15000000000000036,-35.0,-0.10000000000000009
502,0.17431972789115652,-0.005102040816326536,-0.16921768707482995,0.52,-22.0,0.62
503,0.012443438914027216,-0.05392156862745098,0.04147812971342382,-0.009999999999999787,-13.0,0.79
504,0.18261787473610136,-0.08655876143560873,-0.0960591133004926,0.4700000000000002,12.0,1.13
505,0.09849056603773587,-0.026415094339622636,-0.07207547169811321,0.27,-27.0,0.76
506,0.0321568627450981,-0.03450980392156866,0.0023529411764705854,0.06000000000000005,15.0,-0.33000000000000007
507,0.17224489795918368,-0.015102040816326545,-0.15714285714285714,0.5,-6.0,0.85
508,-0.25020408163265306,0.024489795918367335,0.2257142857142857,-0.73,11.0,-1.4700000000000002
509,-0.03500000000000003,-0.03083333333333335,0.06583333333333334,-0.14000000000000012,5.0,-0.020000000000000018
510,0.027755102040816326,-0.004897959183673473,-0.022857142857142854,0.08000000000000007,13.0,-0.33000000000000007
511,0.014405762304921965,-0.04881952781112445,0.03441376550620248,0.0,1.0,0.49
512,0.1702040816326531,0.03551020408163266,-0.20571428571428568,0.5500000000000003,-9.0,1.0499999999999998
513,-0.007346938775510181,0.004897959183673473,0.0024489795918367363,-0.020000000000000018,-18.0,0.06000000000000005
514,-0.15020408163265309,-0.015510204081632645,0.1657142857142857,-0.4700000000000002,-10.0,-0.8099999999999999
515,0.0273469387755102,0.015102040816326545,-0.04244897959183673,0.10000000000000009,-1.0,0.17999999999999994
